Vectorization_Method_and_lead,R_n,Accuracy
Betti_Vectorization_all_1,R2_w7,0.7915613241449287
Betti_Vectorization_all_5,R2_w7,0.7933919587367353
Betti_Vectorization_all_10,R2_w7,0.789713778379064
Betti_Vectorization_all_100,R2_w7,0.7888048027734325
Betti_Vectorization_V1_1,R2_w7,0.7878995433789954
Betti_Vectorization_V1_5,R2_w7,0.7852359208523592
Betti_Vectorization_V1_10,R2_w7,0.7906773211567731
Betti_Vectorization_V1_100,R2_w7,0.8045281582952816
Betti_Vectorization_V2_1,R2_w7,0.7933789954337899
Betti_Vectorization_V2_5,R2_w7,0.798896499238965
Betti_Vectorization_V2_10,R2_w7,0.7823439878234397
Betti_Vectorization_V2_100,R2_w7,0.798972602739726
Betti_Vectorization_V3_1,R2_w7,0.7906773211567731
Betti_Vectorization_V3_5,R2_w7,0.798972602739726
Betti_Vectorization_V3_10,R2_w7,0.8045281582952816
Betti_Vectorization_V3_100,R2_w7,0.7767884322678843
Betti_Vectorization_V1_V2_1,R2_w7,0.7933963155408597
Betti_Vectorization_V1_V2_5,R2_w7,0.7933963155408598
Betti_Vectorization_V1_V2_10,R2_w7,0.7906471421823336
Betti_Vectorization_V1_V2_100,R2_w7,0.7851204534718942
Betti_Vectorization_V1_V3_1,R2_w7,0.7933963155408597
Betti_Vectorization_V1_V3_5,R2_w7,0.7878979688238074
Betti_Vectorization_V1_V3_10,R2_w7,0.792045347189419
Betti_Vectorization_V1_V3_100,R2_w7,0.7865281058101086
Betti_Vectorization_V2_V3_1,R2_w7,0.789258384506377
Betti_Vectorization_V2_V3_5,R2_w7,0.7961549362305149
Betti_Vectorization_V2_V3_10,R2_w7,0.7906188001889467
Betti_Vectorization_V2_V3_100,R2_w7,0.7947283892300425
Pers_Vec_Vectorization_all,R2_w7,0.7924829831311039
Pers_Vec_Vectorization_V1,R2_w7,0.7796042617960426
Pers_Vec_Vectorization_V2,R2_w7,0.7961948249619482
Pers_Vec_Vectorization_V3,R2_w7,0.7933789954337899
Pers_Vec_Vectorization_V1_V2,R2_w7,0.79891355692017
Pers_Vec_Vectorization_V1_V3,R2_w7,0.7920075578649032
Pers_Vec_Vectorization_V2_V3,R2_w7,0.7920170051960322
Pers_Vec_Vectorization_nooverlap_all,R2_w7,0.7878789159937428
Pers_Vec_Vectorization_nooverlap_V1,R2_w7,0.7879375951293759
Pers_Vec_Vectorization_nooverlap_V2,R2_w7,0.7934170471841704
Pers_Vec_Vectorization_nooverlap_V3,R2_w7,0.7851217656012175
Pers_Vec_Vectorization_nooverlap_V1_V2,R2_w7,0.7934057628719888
Pers_Vec_Vectorization_nooverlap_V1_V3,R2_w7,0.7892678318375059
Pers_Vec_Vectorization_nooverlap_V2_V3,R2_w7,0.7851204534718942
Pers_Vec_Vectorization_nocount_all,R2_w7,0.7888048027734326
Pers_Vec_Vectorization_nocount_V1,R2_w7,0.7851978691019786
Pers_Vec_Vectorization_nocount_V2,R2_w7,0.7906392694063926
Pers_Vec_Vectorization_nocount_V3,R2_w7,0.7851217656012176
Pers_Vec_Vectorization_nocount_V1_V2,R2_w7,0.7920170051960321
Pers_Vec_Vectorization_nocount_V1_V3,R2_w7,0.7906471421823336
Pers_Vec_Vectorization_nocount_V2_V3,R2_w7,0.7878790741615493
Pers_Vec_Vectorization_nocount_nooverlap_all,R2_w7,0.7860398258149072
Pers_Vec_Vectorization_nocount_nooverlap_V1,R2_w7,0.7851598173515981
Pers_Vec_Vectorization_nocount_nooverlap_V2,R2_w7,0.790677321156773
Pers_Vec_Vectorization_nocount_nooverlap_V3,R2_w7,0.7850837138508371
Pers_Vec_Vectorization_nocount_nooverlap_V1_V2,R2_w7,0.7851299008030231
Pers_Vec_Vectorization_nocount_nooverlap_V1_V3,R2_w7,0.7878790741615493
Pers_Vec_Vectorization_nocount_nooverlap_V2_V3,R2_w7,0.7864997638167217
Pers_Vec_Vectorization_noarea_all,R2_w7,0.7915613241449287
Pers_Vec_Vectorization_noarea_V1,R2_w7,0.7878995433789954
Pers_Vec_Vectorization_noarea_V2,R2_w7,0.7933789954337899
Pers_Vec_Vectorization_noarea_V3,R2_w7,0.7906773211567731
Pers_Vec_Vectorization_noarea_V1_V2,R2_w7,0.7933963155408597
Pers_Vec_Vectorization_noarea_V1_V3,R2_w7,0.7933963155408597
Pers_Vec_Vectorization_noarea_V2_V3,R2_w7,0.789258384506377
Betti_Vectorization_all_1,R3_w7,0.7952352767090856
Betti_Vectorization_all_5,R3_w7,0.7943178455164249
Betti_Vectorization_all_10,R3_w7,0.8007314082780198
Betti_Vectorization_all_100,R3_w7,0.8044180442227201
Betti_Vectorization_V1_1,R3_w7,0.7934170471841705
Betti_Vectorization_V1_5,R3_w7,0.7851217656012175
Betti_Vectorization_V1_10,R3_w7,0.7878995433789955
Betti_Vectorization_V1_100,R3_w7,0.7630898021308979
Betti_Vectorization_V2_1,R3_w7,0.7961567732115677
Betti_Vectorization_V2_5,R3_w7,0.7933789954337899
Betti_Vectorization_V2_10,R3_w7,0.7796803652968036
Betti_Vectorization_V2_100,R3_w7,0.8072298325722983
Betti_Vectorization_V3_1,R3_w7,0.8016742770167428
Betti_Vectorization_V3_5,R3_w7,0.7989345509893454
Betti_Vectorization_V3_10,R3_w7,0.7934550989345508
Betti_Vectorization_V3_100,R3_w7,0.7961567732115677
Betti_Vectorization_V1_V2_1,R3_w7,0.7933963155408597
Betti_Vectorization_V1_V2_5,R3_w7,0.7933963155408598
Betti_Vectorization_V1_V2_10,R3_w7,0.7947756258856872
Betti_Vectorization_V1_V2_100,R3_w7,0.8071799716580065
Betti_Vectorization_V1_V3_1,R3_w7,0.7947756258856872
Betti_Vectorization_V1_V3_5,R3_w7,0.7947756258856872
Betti_Vectorization_V1_V3_10,R3_w7,0.793377420878602
Betti_Vectorization_V1_V3_100,R3_w7,0.7947567312234294
Betti_Vectorization_V2_V3_1,R3_w7,0.7947756258856872
Betti_Vectorization_V2_V3_5,R3_w7,0.796145488899386
Betti_Vectorization_V2_V3_10,R3_w7,0.7961265942371281
Betti_Vectorization_V2_V3_100,R3_w7,0.8071705243268777
Pers_Vec_Vectorization_all,R3_w7,0.7961611634887752
Pers_Vec_Vectorization_V1,R3_w7,0.7906012176560122
Pers_Vec_Vectorization_V2,R3_w7,0.7933789954337899
Pers_Vec_Vectorization_V3,R3_w7,0.7906392694063926
Pers_Vec_Vectorization_V1_V2,R3_w7,0.7906282475200757
Pers_Vec_Vectorization_V1_V3,R3_w7,0.7947756258856872
Pers_Vec_Vectorization_V2_V3,R3_w7,0.7961549362305149
Pers_Vec_Vectorization_nooverlap_all,R3_w7,0.7897180061725786
Pers_Vec_Vectorization_nooverlap_V1,R3_w7,0.8016362252663622
Pers_Vec_Vectorization_nooverlap_V2,R3_w7,0.7767884322678843
Pers_Vec_Vectorization_nooverlap_V3,R3_w7,0.7851598173515981
Pers_Vec_Vectorization_nooverlap_V1_V2,R3_w7,0.7864903164855928
Pers_Vec_Vectorization_nooverlap_V1_V3,R3_w7,0.7906376948512046
Pers_Vec_Vectorization_nooverlap_V2_V3,R3_w7,0.782361832782239
Pers_Vec_Vectorization_nocount_all,R3_w7,0.7888090305669471
Pers_Vec_Vectorization_nocount_V1,R3_w7,0.7851598173515981
Pers_Vec_Vectorization_nocount_V2,R3_w7,0.7823439878234398
Pers_Vec_Vectorization_nocount_V3,R3_w7,0.7796423135464231
Pers_Vec_Vectorization_nocount_V1_V2,R3_w7,0.7864903164855928
Pers_Vec_Vectorization_nocount_V1_V3,R3_w7,0.7837411431270667
Pers_Vec_Vectorization_nocount_V2_V3,R3_w7,0.7878790741615493
Pers_Vec_Vectorization_nocount_nooverlap_all,R3_w7,0.789713778379064
Pers_Vec_Vectorization_nocount_nooverlap_V1,R3_w7,0.7988584474885844
Pers_Vec_Vectorization_nocount_nooverlap_V2,R3_w7,0.7767884322678843
Pers_Vec_Vectorization_nocount_nooverlap_V3,R3_w7,0.7851217656012176
Pers_Vec_Vectorization_nocount_nooverlap_V1_V2,R3_w7,0.7920075578649032
Pers_Vec_Vectorization_nocount_nooverlap_V1_V3,R3_w7,0.7906282475200757
Pers_Vec_Vectorization_nocount_nooverlap_V2_V3,R3_w7,0.7796032120925839
Pers_Vec_Vectorization_noarea_all,R3_w7,0.7952352767090856
Pers_Vec_Vectorization_noarea_V1,R3_w7,0.7934170471841705
Pers_Vec_Vectorization_noarea_V2,R3_w7,0.7961567732115677
Pers_Vec_Vectorization_noarea_V3,R3_w7,0.8016742770167428
Pers_Vec_Vectorization_noarea_V1_V2,R3_w7,0.7933963155408597
Pers_Vec_Vectorization_noarea_V1_V3,R3_w7,0.7947756258856872
Pers_Vec_Vectorization_noarea_V2_V3,R3_w7,0.7947756258856872
Betti_Vectorization_all_1,R4_w7,0.7915655519384434
Betti_Vectorization_all_5,R4_w7,0.7943220733099395
Betti_Vectorization_all_10,R4_w7,0.7989219126537861
Betti_Vectorization_all_100,R4_w7,0.7869530292140532
Betti_Vectorization_V1_1,R4_w7,0.7934170471841705
Betti_Vectorization_V1_5,R4_w7,0.7962328767123287
Betti_Vectorization_V1_10,R4_w7,0.7907153729071537
Betti_Vectorization_V1_100,R4_w7,0.7630898021308979
Betti_Vectorization_V2_1,R4_w7,0.7961567732115677
Betti_Vectorization_V2_5,R4_w7,0.7961567732115677
Betti_Vectorization_V2_10,R4_w7,0.7797184170471841
Betti_Vectorization_V2_100,R4_w7,0.7823820395738204
Betti_Vectorization_V3_1,R4_w7,0.804490106544901
Betti_Vectorization_V3_5,R4_w7,0.7906392694063926
Betti_Vectorization_V3_10,R4_w7,0.7824961948249618
Betti_Vectorization_V3_100,R4_w7,0.798972602739726
Betti_Vectorization_V1_V2_1,R4_w7,0.7920170051960321
Betti_Vectorization_V1_V2_5,R4_w7,0.7947756258856872
Betti_Vectorization_V1_V2_10,R4_w7,0.7810297590930562
Betti_Vectorization_V1_V2_100,R4_w7,0.7837411431270667
Betti_Vectorization_V1_V3_1,R4_w7,0.7933963155408597
Betti_Vectorization_V1_V3_5,R4_w7,0.7961549362305148
Betti_Vectorization_V1_V3_10,R4_w7,0.7906471421823335
Betti_Vectorization_V1_V3_100,R4_w7,0.7933963155408597
Betti_Vectorization_V2_V3_1,R4_w7,0.7947661785545582
Betti_Vectorization_V2_V3_5,R4_w7,0.7920170051960321
Betti_Vectorization_V2_V3_10,R4_w7,0.7865092111478507
Betti_Vectorization_V2_V3_100,R4_w7,0.7906282475200757
Pers_Vec_Vectorization_all,R4_w7,0.7970828224749503
Pers_Vec_Vectorization_V1,R4_w7,0.7851978691019786
Pers_Vec_Vectorization_V2,R4_w7,0.798972602739726
Pers_Vec_Vectorization_V3,R4_w7,0.7906012176560121
Pers_Vec_Vectorization_V1_V2,R4_w7,0.7961549362305148
Pers_Vec_Vectorization_V1_V3,R4_w7,0.7961549362305148
Pers_Vec_Vectorization_V2_V3,R4_w7,0.7961643835616439
Pers_Vec_Vectorization_nooverlap_all,R4_w7,0.7869699403881114
Pers_Vec_Vectorization_nooverlap_V1,R4_w7,0.7769025875190259
Pers_Vec_Vectorization_nooverlap_V2,R4_w7,0.7851217656012176
Pers_Vec_Vectorization_nooverlap_V3,R4_w7,0.7851217656012175
Pers_Vec_Vectorization_nooverlap_V1_V2,R4_w7,0.7865092111478507
Pers_Vec_Vectorization_nooverlap_V1_V3,R4_w7,0.7865092111478507
Pers_Vec_Vectorization_nooverlap_V2_V3,R4_w7,0.789248937175248
Pers_Vec_Vectorization_nocount_all,R4_w7,0.7888048027734326
Pers_Vec_Vectorization_nocount_V1,R4_w7,0.7824581430745814
Pers_Vec_Vectorization_nocount_V2,R4_w7,0.7961187214611871
Pers_Vec_Vectorization_nocount_V3,R4_w7,0.7878234398782343
Pers_Vec_Vectorization_nocount_V1_V2,R4_w7,0.7892678318375059
Pers_Vec_Vectorization_nocount_V1_V3,R4_w7,0.7851393481341521
Pers_Vec_Vectorization_nocount_V2_V3,R4_w7,0.7947756258856874
Pers_Vec_Vectorization_nocount_nooverlap_all,R4_w7,0.795231048915571
Pers_Vec_Vectorization_nocount_nooverlap_V1,R4_w7,0.793455098934551
Pers_Vec_Vectorization_nocount_nooverlap_V2,R4_w7,0.7851217656012176
Pers_Vec_Vectorization_nocount_nooverlap_V3,R4_w7,0.7768264840182648
Pers_Vec_Vectorization_nocount_nooverlap_V1_V2,R4_w7,0.7906376948512046
Pers_Vec_Vectorization_nocount_nooverlap_V1_V3,R4_w7,0.7920170051960321
Pers_Vec_Vectorization_nocount_nooverlap_V2_V3,R4_w7,0.7906282475200757
Pers_Vec_Vectorization_noarea_all,R4_w7,0.7915655519384434
Pers_Vec_Vectorization_noarea_V1,R4_w7,0.7934170471841705
Pers_Vec_Vectorization_noarea_V2,R4_w7,0.7961567732115677
Pers_Vec_Vectorization_noarea_V3,R4_w7,0.804490106544901
Pers_Vec_Vectorization_noarea_V1_V2,R4_w7,0.7920170051960321
Pers_Vec_Vectorization_noarea_V1_V3,R4_w7,0.7933963155408597
Pers_Vec_Vectorization_noarea_V2_V3,R4_w7,0.7947661785545582
