Vectorization_Method_and_lead,R_n,Accuracy,,betti
Betti_Vectorization_all_1,R2_w7,0.742903649,,0.721689498
Betti_Vectorization_all_5,R2_w7,0.762190843,,0.799010654
Betti_Vectorization_all_10,R2_w7,0.775043335,,
Betti_Vectorization_all_100,R2_w7,0.77871306,,cpv
Betti_Vectorization_V1_1,R2_w7,0.732762557,,0.691400304
Betti_Vectorization_V1_5,R2_w7,0.746765601,,0.793531202
Betti_Vectorization_V1_10,R2_w7,0.790715373,,
Betti_Vectorization_V1_100,R2_w7,0.785197869,,
Betti_Vectorization_V2_1,R2_w7,0.746689498,,
Betti_Vectorization_V2_5,R2_w7,0.735578387,,
Betti_Vectorization_V2_10,R2_w7,0.735502283,,
Betti_Vectorization_V2_100,R2_w7,0.793302892,,
Betti_Vectorization_V3_1,R2_w7,0.730060883,,
Betti_Vectorization_V3_5,R2_w7,0.771385084,,
Betti_Vectorization_V3_10,R2_w7,0.776978691,,
Betti_Vectorization_V3_100,R2_w7,0.746613394,,
Betti_Vectorization_V1_V2_1,R2_w7,0.757581483,,
Betti_Vectorization_V1_V2_5,R2_w7,0.741076996,,
Betti_Vectorization_V1_V2_10,R2_w7,0.757619273,,
Betti_Vectorization_V1_V2_100,R2_w7,0.792026453,,
Betti_Vectorization_V1_V3_1,R2_w7,0.747954653,,
Betti_Vectorization_V1_V3_5,R2_w7,0.732829476,,
Betti_Vectorization_V1_V3_10,R2_w7,0.782399622,,
Betti_Vectorization_V1_V3_100,R2_w7,0.772763344,,
Betti_Vectorization_V2_V3_1,R2_w7,0.732753897,,
Betti_Vectorization_V2_V3_5,R2_w7,0.757562589,,
Betti_Vectorization_V2_V3_10,R2_w7,0.765847898,,
Betti_Vectorization_V2_V3_100,R2_w7,0.769995276,,
Pers_Vec_Vectorization_all,R2_w7,0.774130131,,
Pers_Vec_Vectorization_V1,R2_w7,0.760312024,,
Pers_Vec_Vectorization_V2,R2_w7,0.77130898,,
Pers_Vec_Vectorization_V3,R2_w7,0.765905632,,
Pers_Vec_Vectorization_V1_V2,R2_w7,0.768653755,,
Pers_Vec_Vectorization_V1_V3,R2_w7,0.758989136,,
Pers_Vec_Vectorization_V2_V3,R2_w7,0.757543694,,
Pers_Vec_Vectorization_nooverlap_all,R2_w7,0.748365958,,
Pers_Vec_Vectorization_nooverlap_V1,R2_w7,0.757572298,,
Pers_Vec_Vectorization_nooverlap_V2,R2_w7,0.771423135,,
Pers_Vec_Vectorization_nooverlap_V3,R2_w7,0.732762557,,
Pers_Vec_Vectorization_nooverlap_V1_V2,R2_w7,0.767236656,,
Pers_Vec_Vectorization_nooverlap_V1_V3,R2_w7,0.735559754,,
Pers_Vec_Vectorization_nooverlap_V2_V3,R2_w7,0.750713274,,
Pers_Vec_Vectorization_nocount_all,R2_w7,0.730955904,,
Pers_Vec_Vectorization_nocount_V1,R2_w7,0.724581431,,
Pers_Vec_Vectorization_nocount_V2,R2_w7,0.718835616,,
Pers_Vec_Vectorization_nocount_V3,R2_w7,0.699809741,,
Pers_Vec_Vectorization_nocount_V1_V2,R2_w7,0.732829476,,
Pers_Vec_Vectorization_nocount_V1_V3,R2_w7,0.728710439,,
Pers_Vec_Vectorization_nocount_V2_V3,R2_w7,0.732829476,,
Pers_Vec_Vectorization_nocount_nooverlap_all,R2_w7,0.734617173,,
Pers_Vec_Vectorization_nocount_nooverlap_V1,R2_w7,0.740791476,,
Pers_Vec_Vectorization_nocount_nooverlap_V2,R2_w7,0.716248097,,
Pers_Vec_Vectorization_nocount_nooverlap_V3,R2_w7,0.727207002,,
Pers_Vec_Vectorization_nocount_nooverlap_V1_V2,R2_w7,0.734161549,,
Pers_Vec_Vectorization_nocount_nooverlap_V1_V3,R2_w7,0.728634861,,
Pers_Vec_Vectorization_nocount_nooverlap_V2_V3,R2_w7,0.730014171,,
Pers_Vec_Vectorization_noarea_all,R2_w7,0.742903649,,
Pers_Vec_Vectorization_noarea_V1,R2_w7,0.732762557,,
Pers_Vec_Vectorization_noarea_V2,R2_w7,0.746689498,,
Pers_Vec_Vectorization_noarea_V3,R2_w7,0.730060883,,
Pers_Vec_Vectorization_noarea_V1_V2,R2_w7,0.757581483,,
Pers_Vec_Vectorization_noarea_V1_V3,R2_w7,0.747954653,,
Pers_Vec_Vectorization_noarea_V2_V3,R2_w7,0.732753897,,
Betti_Vectorization_all_1,R3_w7,0.76219507,,
Betti_Vectorization_all_5,R3_w7,0.751190124,,
Betti_Vectorization_all_10,R3_w7,0.74933835,,
Betti_Vectorization_all_100,R3_w7,0.791578235,,
Betti_Vectorization_V1_1,R3_w7,0.721689498,,
Betti_Vectorization_V1_5,R3_w7,0.727321157,,
Betti_Vectorization_V1_10,R3_w7,0.757458143,,
Betti_Vectorization_V1_100,R3_w7,0.771347032,,
Betti_Vectorization_V2_1,R3_w7,0.749200913,,
Betti_Vectorization_V2_5,R3_w7,0.749391172,,
Betti_Vectorization_V2_10,R3_w7,0.754946728,,
Betti_Vectorization_V2_100,R3_w7,0.799010654,,
Betti_Vectorization_V3_1,R3_w7,0.754908676,,
Betti_Vectorization_V3_5,R3_w7,0.752092846,,
Betti_Vectorization_V3_10,R3_w7,0.75216895,,
Betti_Vectorization_V3_100,R3_w7,0.752092846,,
Betti_Vectorization_V1_V2_1,R3_w7,0.732725555,,
Betti_Vectorization_V1_V2_5,R3_w7,0.724572508,,
Betti_Vectorization_V1_V2_10,R3_w7,0.729995276,,
Betti_Vectorization_V1_V2_100,R3_w7,0.79890411,,
Betti_Vectorization_V1_V3_1,R3_w7,0.749258385,,
Betti_Vectorization_V1_V3_5,R3_w7,0.767208314,,
Betti_Vectorization_V1_V3_10,R3_w7,0.76170052,,
Betti_Vectorization_V1_V3_100,R3_w7,0.771336797,,
Betti_Vectorization_V2_V3_1,R3_w7,0.761691072,,
Betti_Vectorization_V2_V3_5,R3_w7,0.754851205,,
Betti_Vectorization_V2_V3_10,R3_w7,0.765857345,,
Betti_Vectorization_V2_V3_100,R3_w7,0.765800661,,
Pers_Vec_Vectorization_all,R3_w7,0.774142815,,
Pers_Vec_Vectorization_V1,R3_w7,0.768455099,,
Pers_Vec_Vectorization_V2,R3_w7,0.743759513,,
Pers_Vec_Vectorization_V3,R3_w7,0.793531202,,
Pers_Vec_Vectorization_V1_V2,R3_w7,0.76307983,,
Pers_Vec_Vectorization_V1_V3,R3_w7,0.785092111,,
Pers_Vec_Vectorization_V2_V3,R3_w7,0.772716108,,
Pers_Vec_Vectorization_nooverlap_all,R3_w7,0.744700461,,
Pers_Vec_Vectorization_nooverlap_V1,R3_w7,0.760235921,,
Pers_Vec_Vectorization_nooverlap_V2,R3_w7,0.732914764,,
Pers_Vec_Vectorization_nooverlap_V3,R3_w7,0.699771689,,
Pers_Vec_Vectorization_nooverlap_V1_V2,R3_w7,0.75341521,,
Pers_Vec_Vectorization_nooverlap_V1_V3,R3_w7,0.743741143,,
Pers_Vec_Vectorization_nooverlap_V2_V3,R3_w7,0.734133207,,
Pers_Vec_Vectorization_nocount_all,R3_w7,0.750255782,,
Pers_Vec_Vectorization_nocount_V1,R3_w7,0.707914764,,
Pers_Vec_Vectorization_nocount_V2,R3_w7,0.746575342,,
Pers_Vec_Vectorization_nocount_V3,R3_w7,0.746385084,,
Pers_Vec_Vectorization_nocount_V1_V2,R3_w7,0.752111479,,
Pers_Vec_Vectorization_nocount_V1_V3,R3_w7,0.764478035,,
Pers_Vec_Vectorization_nocount_V2_V3,R3_w7,0.746518658,,
Pers_Vec_Vectorization_nocount_nooverlap_all,R3_w7,0.746564918,,
Pers_Vec_Vectorization_nocount_nooverlap_V1,R3_w7,0.741057839,,
Pers_Vec_Vectorization_nocount_nooverlap_V2,R3_w7,0.749277017,,
Pers_Vec_Vectorization_nocount_nooverlap_V3,R3_w7,0.716286149,,
Pers_Vec_Vectorization_nocount_nooverlap_V1_V2,R3_w7,0.747860179,,
Pers_Vec_Vectorization_nocount_nooverlap_V1_V3,R3_w7,0.754775626,,
Pers_Vec_Vectorization_nocount_nooverlap_V2_V3,R3_w7,0.724506377,,
Pers_Vec_Vectorization_noarea_all,R3_w7,0.76219507,,
Pers_Vec_Vectorization_noarea_V1,R3_w7,0.721689498,,
Pers_Vec_Vectorization_noarea_V2,R3_w7,0.749200913,,
Pers_Vec_Vectorization_noarea_V3,R3_w7,0.754908676,,
Pers_Vec_Vectorization_noarea_V1_V2,R3_w7,0.732725555,,
Pers_Vec_Vectorization_noarea_V1_V3,R3_w7,0.749258385,,
Pers_Vec_Vectorization_noarea_V2_V3,R3_w7,0.761691072,,
Betti_Vectorization_all_1,R4_w7,0.743837991,,
Betti_Vectorization_all_5,R4_w7,0.739267746,,
Betti_Vectorization_all_10,R4_w7,0.760368664,,
Betti_Vectorization_all_100,R4_w7,0.781448442,,
Betti_Vectorization_V1_1,R4_w7,0.746651446,,
Betti_Vectorization_V1_5,R4_w7,0.771385084,,
Betti_Vectorization_V1_10,R4_w7,0.749505327,,
Betti_Vectorization_V1_100,R4_w7,0.751902588,,
Betti_Vectorization_V2_1,R4_w7,0.738356164,,
Betti_Vectorization_V2_5,R4_w7,0.721803653,,
Betti_Vectorization_V2_10,R4_w7,0.760502283,,
Betti_Vectorization_V2_100,R4_w7,0.76305175,,
Betti_Vectorization_V3_1,R4_w7,0.755022831,,
Betti_Vectorization_V3_5,R4_w7,0.752054795,,
Betti_Vectorization_V3_10,R4_w7,0.746613394,,
Betti_Vectorization_V3_100,R4_w7,0.776750381,,
Betti_Vectorization_V1_V2_1,R4_w7,0.747869627,,
Betti_Vectorization_V1_V2_5,R4_w7,0.727283892,,
Betti_Vectorization_V1_V2_10,R4_w7,0.752073689,,
Betti_Vectorization_V1_V2_100,R4_w7,0.765819556,,
Betti_Vectorization_V1_V3_1,R4_w7,0.772772792,,
Betti_Vectorization_V1_V3_5,R4_w7,0.747973547,,
Betti_Vectorization_V1_V3_10,R4_w7,0.768606519,,
Betti_Vectorization_V1_V3_100,R4_w7,0.785111006,,
Betti_Vectorization_V2_V3_1,R4_w7,0.73554086,,
Betti_Vectorization_V2_V3_5,R4_w7,0.732791686,,
Betti_Vectorization_V2_V3_10,R4_w7,0.745186585,,
Betti_Vectorization_V2_V3_100,R4_w7,0.771336797,,
Pers_Vec_Vectorization_all,R4_w7,0.765877479,,
Pers_Vec_Vectorization_V1,R4_w7,0.779528158,,
Pers_Vec_Vectorization_V2,R4_w7,0.72739726,,
Pers_Vec_Vectorization_V3,R4_w7,0.763165906,,
Pers_Vec_Vectorization_V1_V2,R4_w7,0.774095418,,
Pers_Vec_Vectorization_V1_V3,R4_w7,0.771346245,,
Pers_Vec_Vectorization_V2_V3,R4_w7,0.750694379,,
Pers_Vec_Vectorization_nooverlap_all,R4_w7,0.735534604,,
Pers_Vec_Vectorization_nooverlap_V1,R4_w7,0.74935312,,
Pers_Vec_Vectorization_nooverlap_V2,R4_w7,0.724391172,,
Pers_Vec_Vectorization_nooverlap_V3,R4_w7,0.749467275,,
Pers_Vec_Vectorization_nooverlap_V1_V2,R4_w7,0.738308928,,
Pers_Vec_Vectorization_nooverlap_V1_V3,R4_w7,0.749277279,,
Pers_Vec_Vectorization_nooverlap_V2_V3,R4_w7,0.735550307,,
Pers_Vec_Vectorization_nocount_all,R4_w7,0.741998901,,
Pers_Vec_Vectorization_nocount_V1,R4_w7,0.710920852,,
Pers_Vec_Vectorization_nocount_V2,R4_w7,0.716248097,,
Pers_Vec_Vectorization_nocount_V3,R4_w7,0.699695586,,
Pers_Vec_Vectorization_nocount_V1_V2,R4_w7,0.709371752,,
Pers_Vec_Vectorization_nocount_V1_V3,R4_w7,0.731393481,,
Pers_Vec_Vectorization_nocount_V2_V3,R4_w7,0.728625413,,
Pers_Vec_Vectorization_nocount_nooverlap_all,R4_w7,0.73738215,,
Pers_Vec_Vectorization_nocount_nooverlap_V1,R4_w7,0.729946728,,
Pers_Vec_Vectorization_nocount_nooverlap_V2,R4_w7,0.721841705,,
Pers_Vec_Vectorization_nocount_nooverlap_V3,R4_w7,0.691400304,,
Pers_Vec_Vectorization_nocount_nooverlap_V1_V2,R4_w7,0.731459613,,
Pers_Vec_Vectorization_nocount_nooverlap_V1_V3,R4_w7,0.735493623,,
Pers_Vec_Vectorization_nocount_nooverlap_V2_V3,R4_w7,0.706622579,,
Pers_Vec_Vectorization_noarea_all,R4_w7,0.743837991,,
Pers_Vec_Vectorization_noarea_V1,R4_w7,0.746651446,,
Pers_Vec_Vectorization_noarea_V2,R4_w7,0.738356164,,
Pers_Vec_Vectorization_noarea_V3,R4_w7,0.755022831,,
Pers_Vec_Vectorization_noarea_V1_V2,R4_w7,0.747869627,,
Pers_Vec_Vectorization_noarea_V1_V3,R4_w7,0.772772792,,
Pers_Vec_Vectorization_noarea_V2_V3,R4_w7,0.73554086,,
